rank,file,t_sec,score,U,A,D,n_boxes,n_ambiguous,empty,selected
1,frame_0033.jpg,13.2,0.8956,0.7912,1.0,1.0,11,6,False,True
2,frame_0016.jpg,6.4,0.8851,0.7703,1.0,1.0,8,6,False,True
3,frame_0002.jpg,0.8,0.767,0.834,0.5,1.0,7,3,False,True
4,frame_0124.jpg,49.6,0.7349,0.7978,0.6667,0.68,11,4,False,True
5,frame_0374.jpg,149.6,0.7348,0.8897,0.8333,0.2,11,5,False,True
6,frame_0005.jpg,2.0,0.6933,0.6866,0.5,1.0,5,3,False,False
7,frame_0133.jpg,53.2,0.6932,0.6865,0.5,1.0,8,3,False,True
8,frame_0007.jpg,2.8,0.6894,0.7788,0.3333,1.0,4,2,False,False
9,frame_0307.jpg,122.8,0.6888,0.6976,1.0,0.2,10,6,False,True
10,frame_0385.jpg,154.0,0.6808,0.6816,1.0,0.2,14,6,False,True
11,frame_0292.jpg,116.8,0.6674,0.7148,0.5,0.8,7,3,False,True
12,frame_0232.jpg,92.8,0.6664,0.7528,0.8333,0.2,10,5,False,True
13,frame_0319.jpg,127.6,0.6663,0.7206,0.8333,0.28,12,5,False,True
14,frame_0076.jpg,30.4,0.6642,0.6604,0.5,0.92,8,3,False,True
15,frame_0004.jpg,1.6,0.6609,0.7218,0.3333,1.0,8,2,False,False
16,frame_0367.jpg,146.8,0.6539,0.8757,0.6667,0.08,9,4,False,False
17,frame_0021.jpg,8.4,0.6511,0.7022,0.3333,1.0,5,2,False,False
18,frame_0325.jpg,130.0,0.6494,0.8827,0.6667,0.04,11,4,False,False
19,frame_0181.jpg,72.4,0.6488,0.8815,0.6667,0.04,6,4,False,False
20,frame_0017.jpg,6.8,0.6423,0.5847,0.5,1.0,8,3,False,False
21,frame_0276.jpg,110.4,0.6413,0.8866,0.5,0.24,11,3,False,False
22,frame_0170.jpg,68.0,0.6408,0.6896,0.6667,0.48,10,4,False,False
23,frame_0388.jpg,155.2,0.6371,0.7102,0.8333,0.16,12,5,False,False
24,frame_0375.jpg,150.0,0.6315,0.783,0.6667,0.2,8,4,False,False
25,frame_0074.jpg,29.6,0.6246,0.7491,0.1667,1.0,8,1,False,False
26,frame_0077.jpg,30.8,0.623,0.6941,0.3333,0.88,8,2,False,False
27,frame_0114.jpg,45.6,0.6192,0.7264,0.6667,0.28,9,4,False,False
28,frame_0377.jpg,150.8,0.6163,0.6846,0.8333,0.12,11,5,False,False
29,frame_0379.jpg,151.6,0.6122,0.8084,0.6667,0.04,11,4,False,False
30,frame_0115.jpg,46.0,0.6087,0.6894,0.6667,0.32,9,4,False,False
31,frame_0083.jpg,33.2,0.6053,0.6546,0.5,0.64,9,3,False,False
32,frame_0003.jpg,1.2,0.6005,0.601,0.3333,1.0,8,2,False,False
33,frame_0080.jpg,32.0,0.5994,0.4947,0.6667,0.76,9,4,False,False
34,frame_0026.jpg,10.4,0.5983,0.5967,0.3333,1.0,5,2,False,False
35,frame_0298.jpg,119.2,0.5976,0.6712,0.5,0.56,7,3,False,False
36,frame_0069.jpg,27.6,0.5974,0.5949,0.3333,1.0,9,2,False,False
37,frame_0299.jpg,119.6,0.5962,0.6844,0.5,0.52,7,3,False,False
38,frame_0126.jpg,50.4,0.5919,0.5798,0.5,0.76,9,3,False,False
39,frame_0031.jpg,12.4,0.5896,0.5792,0.3333,1.0,10,2,False,False
40,frame_0073.jpg,29.2,0.5866,0.6732,0.1667,1.0,8,1,False,False
41,frame_0067.jpg,26.8,0.583,0.566,0.3333,1.0,10,2,False,False
42,frame_0012.jpg,4.8,0.5803,0.6606,0.1667,1.0,3,1,False,False
43,frame_0020.jpg,8.0,0.5779,0.6558,0.1667,1.0,4,1,False,False
44,frame_0386.jpg,154.4,0.5776,0.6591,0.6667,0.24,12,4,False,False
45,frame_0193.jpg,77.2,0.5727,0.7494,0.5,0.24,6,3,False,False
46,frame_0071.jpg,28.4,0.5676,0.5352,0.3333,1.0,8,2,False,False
47,frame_0186.jpg,74.4,0.5664,0.7168,0.6667,0.04,10,4,False,False
48,frame_0203.jpg,81.2,0.5655,0.6751,0.3333,0.64,4,2,False,False
49,frame_0279.jpg,111.6,0.5654,0.6868,0.5,0.36,8,3,False,False
50,frame_0082.jpg,32.8,0.5648,0.5576,0.5,0.68,8,3,False,False
51,frame_0172.jpg,68.8,0.563,0.466,0.8333,0.4,8,5,False,False
52,frame_0014.jpg,5.6,0.5621,0.6241,0.1667,1.0,4,1,False,False
53,frame_0231.jpg,92.4,0.5591,0.7542,0.5,0.16,10,3,False,False
54,frame_0387.jpg,154.8,0.5555,0.8311,0.3333,0.2,12,2,False,False
55,frame_0294.jpg,117.6,0.5547,0.6214,0.3333,0.72,7,2,False,False
56,frame_0291.jpg,116.4,0.5546,0.6732,0.1667,0.84,6,1,False,False
57,frame_0306.jpg,122.4,0.5532,0.6103,0.6667,0.24,8,4,False,False
58,frame_0000.jpg,0.0,0.5523,0.6046,0.1667,1.0,7,1,False,False
59,frame_0127.jpg,50.8,0.5511,0.6821,0.1667,0.8,7,1,False,False
60,frame_0200.jpg,80.0,0.5494,0.6908,0.3333,0.52,2,2,False,False
61,frame_0169.jpg,67.6,0.5446,0.6813,0.3333,0.52,10,2,False,False
62,frame_0132.jpg,52.8,0.5443,0.5886,0.1667,1.0,6,1,False,False
63,frame_0318.jpg,127.2,0.5423,0.6885,0.5,0.24,10,3,False,False
64,frame_0383.jpg,153.2,0.5409,0.6337,0.6667,0.12,10,4,False,False
65,frame_0130.jpg,52.0,0.5402,0.6123,0.1667,0.92,7,1,False,False
66,frame_0070.jpg,28.0,0.5398,0.5796,0.1667,1.0,9,1,False,False
67,frame_0384.jpg,153.6,0.5387,0.7134,0.5,0.16,12,3,False,False
68,frame_0113.jpg,45.2,0.5383,0.5806,0.6667,0.24,8,4,False,False
69,frame_0024.jpg,9.6,0.5374,0.6748,0.0,1.0,1,0,False,False
70,frame_0009.jpg,3.6,0.5368,0.5735,0.1667,1.0,3,1,False,False
71,frame_0286.jpg,114.4,0.5361,0.6162,0.3333,0.64,7,2,False,False
72,frame_0330.jpg,132.0,0.5356,0.7553,0.5,0.04,11,3,False,False
73,frame_0371.jpg,148.4,0.5356,0.7393,0.5,0.08,9,3,False,False
74,frame_0370.jpg,148.0,0.5345,0.7531,0.5,0.04,10,3,False,False
75,frame_0197.jpg,78.8,0.5316,0.9032,0.0,0.4,1,0,False,False
76,frame_0382.jpg,152.8,0.5305,0.5291,0.8333,0.08,8,5,False,False
77,frame_0089.jpg,35.6,0.5277,0.5954,0.5,0.4,9,3,False,False
78,frame_0125.jpg,50.0,0.5274,0.4668,0.5,0.72,11,3,False,False
79,frame_0205.jpg,82.0,0.5269,0.5658,0.3333,0.72,3,2,False,False
80,frame_0277.jpg,110.8,0.5268,0.6415,0.5,0.28,9,3,False,False
81,frame_0221.jpg,88.4,0.5261,0.6562,0.5,0.24,10,3,False,False
82,frame_0302.jpg,120.8,0.5256,0.5913,0.5,0.4,7,3,False,False
83,frame_0030.jpg,12.0,0.525,0.55,0.1667,1.0,8,1,False,False
84,frame_0297.jpg,118.8,0.5249,0.6098,0.3333,0.6,9,2,False,False
85,frame_0301.jpg,120.4,0.5238,0.6716,0.3333,0.44,8,2,False,False
86,frame_0018.jpg,7.2,0.523,0.5459,0.1667,1.0,7,1,False,False
87,frame_0081.jpg,32.4,0.5229,0.5578,0.3333,0.72,8,2,False,False
88,frame_0180.jpg,72.0,0.5224,0.6128,0.6667,0.08,7,4,False,False
89,frame_0215.jpg,86.0,0.5218,0.5517,0.5,0.48,8,3,False,False
90,frame_0233.jpg,93.2,0.5211,0.6462,0.5,0.24,11,3,False,False
91,frame_0032.jpg,12.8,0.5209,0.4419,0.3333,1.0,8,2,False,False
92,frame_0280.jpg,112.0,0.5204,0.5808,0.5,0.4,7,3,False,False
93,frame_0167.jpg,66.8,0.5203,0.6007,0.3333,0.6,8,2,False,False
94,frame_0029.jpg,11.6,0.5135,0.5269,0.1667,1.0,7,1,False,False
95,frame_0011.jpg,4.4,0.5114,0.5228,0.1667,1.0,3,1,False,False
96,frame_0287.jpg,114.8,0.5112,0.5504,0.3333,0.68,7,2,False,False
97,frame_0327.jpg,130.8,0.5091,0.7021,0.5,0.04,13,3,False,False
98,frame_0188.jpg,75.2,0.5082,0.7004,0.5,0.04,11,3,False,False
99,frame_0075.jpg,30.0,0.5046,0.5251,0.1667,0.96,7,1,False,False
100,frame_0391.jpg,156.4,0.5034,0.5907,0.6667,0.04,11,4,False,False
101,frame_0095.jpg,38.0,0.5027,0.7415,0.3333,0.16,6,2,False,False
102,frame_0068.jpg,27.2,0.5024,0.5047,0.1667,1.0,7,1,False,False
103,frame_0395.jpg,158.0,0.497,0.5459,0.6667,0.12,6,4,False,False
104,frame_0328.jpg,131.2,0.495,0.658,0.5,0.08,15,3,False,False
105,frame_0310.jpg,124.0,0.4947,0.5574,0.6667,0.08,10,4,False,False
106,frame_0324.jpg,129.6,0.4938,0.5556,0.6667,0.08,9,4,False,False
107,frame_0225.jpg,90.0,0.4937,0.7555,0.3333,0.08,11,2,False,False
108,frame_0316.jpg,126.4,0.4917,0.6193,0.5,0.16,8,3,False,False
109,frame_0179.jpg,71.6,0.4911,0.6343,0.5,0.12,8,3,False,False
110,frame_0278.jpg,111.2,0.4866,0.7452,0.1667,0.32,7,1,False,False
111,frame_0226.jpg,90.4,0.4844,0.7528,0.3333,0.04,6,2,False,False
112,frame_0116.jpg,46.4,0.4794,0.5148,0.5,0.36,8,3,False,False
113,frame_0275.jpg,110.0,0.4794,0.6789,0.3333,0.2,10,2,False,False
114,frame_0283.jpg,113.2,0.477,0.446,0.5,0.52,8,3,False,False
115,frame_0120.jpg,48.0,0.4766,0.4452,0.5,0.52,8,3,False,False
116,frame_0072.jpg,28.8,0.4744,0.4488,0.1667,1.0,8,1,False,False
117,frame_0333.jpg,133.2,0.4743,0.7166,0.3333,0.08,10,2,False,False
118,frame_0019.jpg,7.6,0.4728,0.3457,0.3333,1.0,4,2,False,False
119,frame_0373.jpg,149.2,0.4725,0.4809,0.6667,0.16,11,4,False,False
120,frame_0171.jpg,68.4,0.472,0.5681,0.3333,0.44,7,2,False,False
121,frame_0207.jpg,82.8,0.4689,0.4178,0.3333,0.8,4,2,False,False
122,frame_0223.jpg,89.2,0.468,0.572,0.5,0.16,9,3,False,False
123,frame_0128.jpg,51.2,0.4639,0.4918,0.1667,0.84,8,1,False,False
124,frame_0321.jpg,128.4,0.4627,0.5455,0.5,0.2,10,3,False,False
125,frame_0109.jpg,43.6,0.4622,0.4924,0.6667,0.08,12,4,False,False
126,frame_0295.jpg,118.0,0.4611,0.5501,0.1667,0.68,8,1,False,False
127,frame_0010.jpg,4.0,0.4584,0.4167,0.1667,1.0,3,1,False,False
128,frame_0023.jpg,9.2,0.4583,0.4166,0.1667,1.0,3,1,False,False
129,frame_0086.jpg,34.4,0.4579,0.4078,0.5,0.52,6,3,False,False
130,frame_0209.jpg,83.6,0.4551,0.5222,0.1667,0.72,5,1,False,False
131,frame_0305.jpg,122.0,0.454,0.596,0.3333,0.28,7,2,False,False
132,frame_0168.jpg,67.2,0.4531,0.4822,0.3333,0.56,9,2,False,False
133,frame_0078.jpg,31.2,0.4522,0.4684,0.1667,0.84,8,1,False,False
134,frame_0015.jpg,6.0,0.4449,0.4897,0.0,1.0,5,0,False,False
135,frame_0001.jpg,0.4,0.4441,0.3882,0.1667,1.0,10,1,False,False
136,frame_0094.jpg,37.6,0.4416,0.6032,0.3333,0.2,5,2,False,False
137,frame_0122.jpg,48.8,0.4387,0.4374,0.3333,0.6,10,2,False,False
138,frame_0103.jpg,41.2,0.4369,0.5098,0.5,0.16,7,3,False,False
139,frame_0397.jpg,158.8,0.4365,0.693,0.1667,0.2,6,1,False,False
140,frame_0390.jpg,156.0,0.4343,0.5365,0.5,0.08,12,3,False,False
141,frame_0368.jpg,147.2,0.4331,0.7502,0.1667,0.04,11,1,False,False
142,frame_0230.jpg,92.0,0.432,0.5159,0.5,0.12,11,3,False,False
143,frame_0123.jpg,49.2,0.4312,0.5064,0.1667,0.64,9,1,False,False
144,frame_0322.jpg,128.8,0.4308,0.5977,0.3333,0.16,10,2,False,False
145,frame_0212.jpg,84.8,0.43,0.42,0.3333,0.6,4,2,False,False
146,frame_0378.jpg,151.2,0.4295,0.5271,0.5,0.08,11,3,False,False
147,frame_0013.jpg,5.2,0.4281,0.3562,0.1667,1.0,3,1,False,False
148,frame_0399.jpg,159.6,0.4276,0.5433,0.3333,0.28,8,2,False,False
149,frame_0202.jpg,80.8,0.4266,0.5131,0.1667,0.6,4,1,False,False
150,frame_0296.jpg,118.4,0.4254,0.5949,0.0,0.64,8,0,False,False
151,frame_0290.jpg,116.0,0.4247,0.4294,0.1667,0.8,6,1,False,False
152,frame_0222.jpg,88.8,0.4245,0.569,0.3333,0.2,9,2,False,False
153,frame_0229.jpg,91.6,0.4201,0.5081,0.5,0.08,9,3,False,False
154,frame_0300.jpg,120.0,0.4186,0.4452,0.3333,0.48,9,2,False,False
155,frame_0129.jpg,51.6,0.4168,0.4815,0.0,0.88,6,0,False,False
156,frame_0176.jpg,70.4,0.4166,0.5372,0.3333,0.24,9,2,False,False
157,frame_0025.jpg,10.0,0.4151,0.4302,0.0,1.0,4,0,False,False
158,frame_0303.jpg,121.2,0.4147,0.4854,0.3333,0.36,10,2,False,False
159,frame_0185.jpg,74.0,0.4146,0.5973,0.3333,0.08,7,2,False,False
160,frame_0309.jpg,123.6,0.4129,0.5778,0.3333,0.12,9,2,False,False
161,frame_0177.jpg,70.8,0.412,0.544,0.3333,0.2,7,2,False,False
162,frame_0131.jpg,52.4,0.41,0.4359,0.0,0.96,6,0,False,False
163,frame_0214.jpg,85.6,0.4035,0.4989,0.1667,0.52,3,1,False,False
164,frame_0121.jpg,48.4,0.4004,0.3768,0.3333,0.56,7,2,False,False
165,frame_0105.jpg,42.0,0.399,0.6659,0.1667,0.08,8,1,False,False
166,frame_0028.jpg,11.2,0.3897,0.2794,0.1667,1.0,6,1,False,False
167,frame_0097.jpg,38.8,0.3881,0.5443,0.3333,0.08,8,2,False,False
168,frame_0106.jpg,42.4,0.3878,0.5596,0.3333,0.04,8,2,False,False
169,frame_0228.jpg,91.2,0.3831,0.5502,0.3333,0.04,7,2,False,False
170,frame_0398.jpg,159.2,0.3806,0.4653,0.3333,0.24,6,2,False,False
171,frame_0096.jpg,38.4,0.3795,0.6109,0.1667,0.12,8,1,False,False
172,frame_0210.jpg,84.0,0.3762,0.3804,0.1667,0.68,6,1,False,False
173,frame_0087.jpg,34.8,0.3756,0.5591,0.0,0.48,6,0,False,False
174,frame_0192.jpg,76.8,0.3754,0.4709,0.3333,0.2,5,2,False,False
175,frame_0211.jpg,84.4,0.3752,0.4945,0.0,0.64,4,0,False,False
176,frame_0090.jpg,36.0,0.3747,0.5054,0.1667,0.36,9,1,False,False
177,frame_0022.jpg,8.8,0.3733,0.2465,0.1667,1.0,3,1,False,False
178,frame_0293.jpg,117.2,0.3692,0.3344,0.1667,0.76,6,1,False,False
179,frame_0274.jpg,109.6,0.3689,0.4738,0.3333,0.16,9,2,False,False
180,frame_0110.jpg,44.0,0.3687,0.3894,0.5,0.12,6,3,False,False
181,frame_0098.jpg,39.2,0.3685,0.521,0.3333,0.04,10,2,False,False
182,frame_0389.jpg,155.6,0.3669,0.5857,0.1667,0.12,9,1,False,False
183,frame_0288.jpg,115.2,0.3663,0.3446,0.1667,0.72,6,1,False,False
184,frame_0079.jpg,31.6,0.3632,0.3064,0.1667,0.8,8,1,False,False
185,frame_0372.jpg,148.8,0.3599,0.4718,0.3333,0.12,9,2,False,False
186,frame_0195.jpg,78.0,0.3592,0.4903,0.1667,0.32,7,1,False,False
187,frame_0100.jpg,40.0,0.3562,0.3964,0.5,0.04,7,3,False,False
188,frame_0006.jpg,2.4,0.3557,0.3113,0.0,1.0,5,0,False,False
189,frame_0314.jpg,125.6,0.3555,0.479,0.3333,0.08,7,2,False,False
190,frame_0088.jpg,35.2,0.3523,0.4285,0.1667,0.44,6,1,False,False
191,frame_0084.jpg,33.6,0.3498,0.3596,0.1667,0.6,8,1,False,False
192,frame_0117.jpg,46.8,0.3481,0.4362,0.1667,0.4,5,1,False,False
193,frame_0281.jpg,112.4,0.3456,0.5152,0.0,0.44,6,0,False,False
194,frame_0199.jpg,79.6,0.3453,0.4986,0.0,0.48,1,0,False,False
195,frame_0190.jpg,76.0,0.3439,0.4398,0.3333,0.12,7,2,False,False
196,frame_0272.jpg,108.8,0.3432,0.4544,0.3333,0.08,6,2,False,False
197,frame_0289.jpg,115.6,0.3431,0.2821,0.1667,0.76,8,1,False,False
198,frame_0320.jpg,128.0,0.3429,0.4898,0.1667,0.24,11,1,False,False
199,frame_0282.jpg,112.8,0.3422,0.3924,0.1667,0.48,7,1,False,False
200,frame_0008.jpg,3.2,0.3417,0.2834,0.0,1.0,3,0,False,False
201,frame_0118.jpg,47.2,0.3417,0.4074,0.1667,0.44,8,1,False,False
202,frame_0284.jpg,113.6,0.3411,0.4582,0.0,0.56,5,0,False,False
203,frame_0271.jpg,108.4,0.3396,0.4632,0.3333,0.04,8,2,False,False
204,frame_0329.jpg,131.6,0.3365,0.541,0.1667,0.08,13,1,False,False
205,frame_0204.jpg,81.6,0.3354,0.2987,0.1667,0.68,3,1,False,False
206,frame_0111.jpg,44.4,0.3346,0.4053,0.3333,0.16,5,2,False,False
207,frame_0381.jpg,152.4,0.3318,0.5476,0.1667,0.04,6,1,False,False
208,frame_0267.jpg,106.8,0.3284,0.4088,0.3333,0.12,5,2,False,False
209,frame_0194.jpg,77.6,0.3281,0.5443,0.0,0.28,4,0,False,False
210,frame_0196.jpg,78.4,0.3239,0.5037,0.0,0.36,3,0,False,False
211,frame_0323.jpg,129.2,0.3223,0.4965,0.1667,0.12,11,1,False,False
212,frame_0220.jpg,88.0,0.3207,0.4294,0.1667,0.28,6,1,False,False
213,frame_0173.jpg,69.2,0.3163,0.3886,0.1667,0.36,7,1,False,False
214,frame_0217.jpg,86.8,0.313,0.366,0.1667,0.4,5,1,False,False
215,frame_0376.jpg,150.4,0.3117,0.5595,0.0,0.16,8,0,False,False
216,frame_0092.jpg,36.8,0.3093,0.3067,0.3333,0.28,6,2,False,False
217,frame_0396.jpg,158.4,0.3077,0.4513,0.1667,0.16,8,1,False,False
218,frame_0393.jpg,157.2,0.299,0.3821,0.3333,0.04,8,2,False,False
219,frame_0091.jpg,36.4,0.2989,0.3697,0.1667,0.32,4,1,False,False
220,frame_0304.jpg,121.6,0.2978,0.3675,0.1667,0.32,7,1,False,False
221,frame_0178.jpg,71.2,0.297,0.3301,0.3333,0.16,8,2,False,False
222,frame_0027.jpg,10.8,0.2958,0.1915,0.0,1.0,6,0,False,False
223,frame_0308.jpg,123.2,0.2937,0.4234,0.1667,0.16,7,1,False,False
224,frame_0268.jpg,107.2,0.2898,0.3476,0.3333,0.08,5,2,False,False
225,frame_0189.jpg,75.6,0.2856,0.4391,0.1667,0.08,6,1,False,False
226,frame_0108.jpg,43.2,0.2841,0.4521,0.1667,0.04,8,1,False,False
227,frame_0208.jpg,83.2,0.2831,0.2621,0.0,0.76,5,0,False,False
228,frame_0332.jpg,132.8,0.2817,0.5474,0.0,0.04,10,0,False,False
229,frame_0273.jpg,109.2,0.2784,0.4088,0.1667,0.12,6,1,False,False
230,frame_0183.jpg,73.2,0.2773,0.3386,0.3333,0.04,6,2,False,False
231,frame_0184.jpg,73.6,0.2773,0.5226,0.0,0.08,8,0,False,False
232,frame_0201.jpg,80.4,0.2771,0.3301,0.0,0.56,4,0,False,False
233,frame_0218.jpg,87.2,0.2711,0.2981,0.1667,0.36,5,1,False,False
234,frame_0119.jpg,47.6,0.2645,0.237,0.1667,0.48,6,1,False,False
235,frame_0285.jpg,114.0,0.2645,0.289,0.0,0.6,5,0,False,False
236,frame_0093.jpg,37.2,0.262,0.4279,0.0,0.24,4,0,False,False
237,frame_0313.jpg,125.2,0.2586,0.4011,0.1667,0.04,4,1,False,False
238,frame_0174.jpg,69.6,0.2539,0.2798,0.1667,0.32,7,1,False,False
239,frame_0085.jpg,34.0,0.2534,0.2827,0.0,0.56,7,0,False,False
240,frame_0219.jpg,87.6,0.2525,0.2769,0.1667,0.32,5,1,False,False
241,frame_0269.jpg,107.6,0.2525,0.4889,0.0,0.04,6,0,False,False
242,frame_0175.jpg,70.0,0.2452,0.3783,0.0,0.28,8,0,False,False
243,frame_0104.jpg,41.6,0.2434,0.3387,0.1667,0.12,8,1,False,False
244,frame_0102.jpg,40.8,0.2376,0.3271,0.1667,0.12,7,1,False,False
245,frame_0191.jpg,76.4,0.2369,0.3097,0.1667,0.16,7,1,False,False
246,frame_0206.jpg,82.4,0.2294,0.1547,0.0,0.76,4,0,False,False
247,frame_0101.jpg,40.4,0.2285,0.325,0.1667,0.08,6,1,False,False
248,frame_0198.jpg,79.2,0.2244,0.2728,0.0,0.44,1,0,False,False
249,frame_0394.jpg,157.6,0.2221,0.4121,0.0,0.08,6,0,False,False
250,frame_0315.jpg,126.0,0.2208,0.3936,0.0,0.12,9,0,False,False
251,frame_0213.jpg,85.2,0.2145,0.2049,0.0,0.56,7,0,False,False
252,frame_0216.jpg,86.4,0.2097,0.2433,0.0,0.44,6,0,False,False
253,frame_0317.jpg,126.8,0.2091,0.3382,0.0,0.2,7,0,False,False
254,frame_0311.jpg,124.4,0.1606,0.3052,0.0,0.04,7,0,False,False
255,frame_0112.jpg,44.8,0.1119,0.1438,0.0,0.2,6,0,False,False
256,frame_0224.jpg,89.6,0.0959,0.1438,0.0,0.12,6,0,False,False
